 "Material Code","Material Description","Base Unit of Measure"
"1030075","TRF DIS;D3;20kV/400V;3P;160kVA;YZN5;OD","U"
"1030077","TRF DIS;D3;20kV/400V;3P;250kVA;DYN5;OD","U"
"1030097","TRF DIS;D3;20kV/400V;3P;50kVA;YZN5;OD","U"
"1060068","TRF ACC;SERANDANG TRAFO 3P;1 TIANG","SET"
"1060069","TRF ACC;SERANDANG TRAFO 3P;2 TIANG","SET"
"2050131","CT;380/220V;SQUARE;1000/5A;2;5VA;P","BH"
"2050155","CT;380/220V;SQUARE;600/5A;0.5;5VA;P","BH"
"2050528","CT;380/220V;RING;800/5A;0.5;15VA;ID","BH"
"2050927","CT;20kV;K;10/5-5A;0.2S;15-10VA;ID","BH"
"2050928","CT;20kV;K;15/5-5A;0.2S;15-10VA;ID","BH"
"2050929","CT;20kV;K;20/5-5A;0.2S;15-10VA;ID","BH"
"2050931","CT;20kV;K;30/5-5A;0.2S;15-10VA;ID","BH"
"2050932","CT;20kV;K;40/5-5A;0.2S;15-10VA;ID","BH"
"2050933","CT;20kV;K;50/5-5A;0.2S;15-10VA;ID","BH"
"2052560","CT;20kV;K;75/5-5A;0.2S;15-10VA;ID","BH"
"2053015","CT;20kV;K;100/5-5A;0.2S;15-10VA;ID","BH"
"2053422","CT;20kV;K;400/5-5A;0.2S;15-10VA;ID","BH"
"2090032","LA;20-24kV;K;10kA;POLYMER;;","BH"
"2150134","CUB;ISO;CBOG;24kV;630A;16kA;","SET"
"2150146","CUB;N ISO;METERING;24kV;630A;16kA;","SET"
"2150150","CUB;N ISO;CBOG;24kV;630A;16kA;","SET"
"2150173","CUB;N ISO;LBS MOTORIZE;24KV;630A;16KA","SET"
"2150599","CUB;N ISO;CBOG MOT MTR;24KV;630A;16KA","SET"
"2150605","CUB;N ISO;TP;24KV;630A;16KA","BH"
"2190218","MTR;kWH E;;3P;230/400V;5-80A;1;;4W","BH"
"2190224","MTR;kWH E-PR;;1P;230V;5-60A;1;;2W","BH"
"2190252","MTR;kWH E-PR;;3P;230/400V;5-80A;1;;4W","BH"
"2190438","MTR;kWHE;;3P;57.7/100V-230/400;5A;0.5;4W","BH"
"2190841","MTR;KWHEXIM;;1P;230/400V;5-60A;1;;2W","BH"
"2200005","MTR ACC;TIMAH SEGEL","KG"
"2230042","CLAMP;PG;CU;50mm2;BOLT","BH"
"3030041","POLE;STEEL;220V;CIRCL;9m;200daN;;","BTG"
"3040098","POLE ACC;CLAMP GROUND ROD 5/8""","BH"
"3040254","POLE ACC;GUY INSULATOR MV","BH"
"3040307","POLE ACC;STEEL WIRE GALV 22mm2","M"
"3040314","POLE ACC;THIMBLE 55mm2","BH"
"3040315","POLE ACC;THIMBLE 70mm2","BH"
"3040320","POLE ACC;TURN BUCKLE 3/4""","BH"
"3040331","POLE ACC;STEEL WIRE GALV 35mm2","M"
"3040345","POLE ACC;EXPANDING ANCHOR 3/4""","BH"
"3040358","POLE ACC;TRAVERS;TMP-O;U100X1800","SET"
"3040373","POLE ACC;TRAVERS;TMP-V-O;U100X1800","SET"
"3040382","POLE ACC;TRAVERS;TMP-DBL-O;U100X2000","SET"
"3040398","POLE ACC;TRAVERS;AFSPAN-O;U100X1800","SET"
"3040399","POLE ACC;TRAVERS;AFSPAN-O;U100X2000","SET"
"3040400","POLE ACC;TRAVERS;AFSPAN-O;U100X2500","SET"
"3040401","POLE ACC;TRAVERS;AFSPAN-O;U100X3000","SET"
"3040911","POLE ACC;TRAVERS TMP-V-O U100X2000","SET"
"3050030","CONDUCTOR;CU;50mm2;19.28kN","M"
"3050084","CONDUCTOR;AAAC-S;150mm2;","M"
"3050088","CONDUCTOR;AAAC-S;70mm2;","M"
"3060130","COND ACC;NON TENSION JOINT AL 70mm2","BH"
"3060132","COND ACC;NON TENSION JOINT AL 150mm2","BH"
"3060133","COND ACC;NON TENSION JOINT AL 240mm2","BH"
"3060143","COND ACC;JOINT SLEEVE AL 70mm2","BH"
"3060145","COND ACC;JOINT SLEEVE AL 150mm2","BH"
"3060240","COND ACC;JOINT SLEEVE ALCU 70-50mm2","BH"
"3060280","COND ACC;JOINT ALCU 70-150mm2 INSUL","BH"
"3060284","COND ACC;JOINT ALCU 70mm2","BH"
"3060382","COND ACC;DOUBLE SIDE TIE 150mm2","BH"
"3060615","COND ACC;F-NECK SIDE TIES SEMI CON 150","BH"
"3061771","COND ACC;TAP CONN 10-16mm2;TYPE G;HS","SET"
"3061772","COND ACC;TAP CONN 150-150mm2;TYPE G;HS","SET"
"3070152","ISOLATOR;LINEPOST;POLYMER;24KV;;12.5kN","BH"
"3070154","ISOLATOR;SUSP;POLYMER;24KV;;70kN","BH"
"3110010","CABLE PWR;N2XSY;1X35mm2;20kV;UG","M"
"3110015","CABLE PWR;NA2XSEYBY;3X240mm2;20kV;UG","M"
"3110016","CABLE PWR;NA2XSEYBY;3X300mm2;20kV;UG","M"
"3110025","CABLE PWR;NFA2X;2X10mm2;0.6/1kV;OH","M"
"3110026","CABLE PWR;NFA2X;2X16mm2;0.6/1kV;OH","M"
"3110029","CABLE PWR;NFA2X;4X16mm2;0.6/1kV;OH","M"
"3110034","CABLE PWR;NFA2XSY-T;3X150+1X95;20kV;OH","M"
"3110055","CABLE PWR;NYFGBY;4X35mm2;0.6/1kV;UG","M"
"3110514","CABLE PWR;NYY;1X70mm2;0.6/1kV;Opstig","M"
"3110515","CABLE PWR;NYY;1X95mm2;0.6/1kV;Opstig","M"
"3110516","CABLE PWR;NYY;1X150mm2;0.6/1kV;Opstig","M"
"3110542","CABLE PWR;NFA2X-T;3X70+1X70;0.6/1kV;OH","M"
"3120006","CABLE PWR ACC;BUNDLE END PROTECTION","SET"
"3120031","CABLE PWR ACC;DEAD END ASSY ADJ 35mm","SET"
"3120033","CABLE PWR ACC;DEAD END ASSY ADJ 70mm","SET"
"3120036","CABLE PWR ACC;DEAD END ASSY FIXED 35mm","SET"
"3120038","CABLE PWR ACC;DEAD END ASSY FIXED 70mm","SET"
"3120058","CABLE PWR ACC;LARGE ANGLE ASSY 70mm","SET"
"3120060","CABLE PWR ACC;LINK 25X25mm","BH"
"3120077","CABLE PWR ACC;STAINLEES STEEL STRIP SSS","M"
"3120079","CABLE PWR ACC;STOPPING BUCKLE SSS 20 x 0","BH"
"3120090","CABLE PWR ACC;SUSPENSION ASSY 35mm","SET"
"3120092","CABLE PWR ACC;SUSPENSION ASSY 70mm","SET"
"3120142","CABLE PWR ACC;WEDGE CLAMP 2x(6-16)mm","BH"
"3120156","CABLE PWR ACC;CABLE SHOE AL-CU 1H 70mm2","BH"
"3120157","CABLE PWR ACC;CABLE SHOE AL-CU 1H 95mm2","BH"
"3120159","CABLE PWR ACC;CABLE SHOE AL-CU 1H 150mm2","BH"
"3120161","CABLE PWR ACC;CABLE SHOE AL-CU 1H 240mm2","BH"
"3120180","CABLE PWR ACC;CABLE SHOE AL ID 1H 70mm2","BH"
"3120183","CABLE PWR ACC;CABLE SHOE AL ID 1H 150mm2","BH"
"3120227","CABLE PWR ACC;CABLE SHOE CU ID 1H 50mm2","BH"
"3120228","CABLE PWR ACC;CABLE SHOE CU ID 1H 70mm2","BH"
"3120229","CABLE PWR ACC;CABLE SHOE CU ID 1H 95mm2","BH"
"3120231","CABLE PWR ACC;CABLE SHOE CU ID 1H 150mm2","BH"
"3120233","CABLE PWR ACC;CABLE SHOE CU ID 1H 240mm2","BH"
"3120317","CABLE PWR ACC;STRAIN HOOK SR","BH"
"3190012","CUT OUT;24kV;6-100A;8kA;125kV","BH"
"3250046","MCB;230/400V;1P;2A;50Hz;","BH"
"3250050","MCB;230/400V;1P;6A;50Hz;","BH"
"3250054","MCB;230/400V;1P;16A;50Hz;","BH"
"3250056","MCB;230/400V;1P;20A;50Hz;","BH"
"3250063","MCB;380/440V;3P;100A;50HZ;MCCB","BH"
"3250099","MCB;230/400V;3P;16A;50Hz;","BH"
"3250100","MCB;230/400V;3P;20A;50Hz;","BH"
"3250102","MCB;230/400V;3P;25A;50Hz;","BH"
"3250103","MCB;230/400V;3P;35A;50Hz;","BH"
"3250290","MCB;230/400V;3P;35A;50HZ;MCCB+SHUNTTRIP","BH"
"3250291","MCB;230/400V;3P;50A;50HZ;MCCB+SHUNTTRIP","BH"
"3250296","MCB;230/415V;3P;200A;50Hz;MCCB+SHUNTTRIP","BH"
"3250299","MCB;230/415V;3P;300A;50Hz;MCCB+SHUNTTRIP","BH"
"3250300","MCB;230/415V;3P;80A;50Hz;MCCB+SHUNTTRIP","BH"
"3250301","MCB;230/415V;3P;100A;50Hz;MCCB+SHUNTTRIP","BH"
"3250302","MCB;230/415V;3P;125A;50Hz;MCCB+SHUNTTRIP","BH"
"3260161","LVSB;DIST;3P;400V;250A;2LINE;OD","SET"
"3260224","LVSB;DIST;3PH;400V;1000A;6LINE;ID","SET"
"3260226","LVSB;DIST;3P;400V;630A;4LINE;OD","SET"
"3260238","LVSB;DIST;3P;400V;400A;4LINE;OD","SET"
"3280129","CONN;20KV;LLC;AL;70-150mm2; BOLT","BH"
"3280140","CONN;0.6/1kV;H;AL;16-35/35-70mm2;PRS;","BH"
"3280282","CONN;1kV;CCO;AL;120-150/50-70mm2;PRS;","BH"
"3280299","CONN;1kV;CCOA;AL;150mm2;PRS;","BH"
"3280456","CONN;1KV;CCO;AL;35-50/10-16;INSUL;PITA","BH"
"3280457","CONN;1KV;CCO;AL;35-50/35-50;INSUL;PITA","BH"
"3280460","CONN;1KV;CCO;AL;70-95/10-16;INSUL;PITA","BH"
"3280461","CONN;1KV;CCO;AL;70-95/25-35;INSUL;PITA","BH"
"3280463","CONN;1KV;CCO;AL;35-50/25-35;INSUL;PITA","BH"
"4120468","BOX;APPMCCB100A+STRIP;AL2MM;1205X420X250","SET"
"4120469","BOX;APPMCCB125A+STRIP;AL2MM;1205X420X250","SET"
"4120470","BOX;APPMCCB160A+STRIP;AL2MM;1205X420X250","SET"
"4120471","BOX;APPMCCB200A+STRIP;AL2MM;1205X420X250","SET"
"4120472","BOX;APPMCCB225A+STRIP;AL2MM;1205X420X250","SET"
"4120474","BOX;APPMCCB300A+STRIP;AL2MM;1205X420X250","SET"
"4150077","PANEL ACC;MAIN SWITCH 400V 3P 800A","BH"
"4190248","UNIV ACC;CR ARM L 50X50X5X6000mm","BH"
"4190263","UNIV ACC;GROUND ROD CU 5/8""X1500mm","BTG"
"4190264","UNIV ACC;GROUND ROD CU 5/8""X2750mm","BTG"
"4190268","UNIV ACC;PIPE GALV 0.75""X3m FOR GROUND","BTG"
"4190280","UNIV ACC;PIPE GALV 4""X3m","BTG"
"4190281","UNIV ACC;PIPE GALV 4""X6m","BTG"
"4190646","UNIV ACC;COVER BUSHING TRAFO","BH"
"7020674","TOOL E;COVER ARRESTER","BH"
"7020675","TOOL E;COVER CUT OUT","BH"
"7040013","TOOL S;TENSION CLEAM COVER","BH"
"1030202","TRF DIS;D3;20kV/400V;3P;630kVA;DYN5;ID","U"
"2240001","FUSE;20/24kV;16A;TUBE;D21mm","BH"
"2240074","FUSE;20/24kV;10A;TUBE;D21mm","BH"
"3250048","MCB;230/400V;1P;4A;50Hz;","BH"
"3250052","MCB;230/400V;1P;10A;50Hz;","BH"
"3250058","MCB;230/400V;1P;25A;50Hz;","BH"
"3250059","MCB;230/400V;1P;35A;50Hz;","BH"
"3250060","MCB;230/400V;1P;50A;50Hz;","BH"
"3250289","MCB;230/400V;3P;25A;50HZ;MCCB+SHUNTTRIP","BH"
"3250292","MCB;230/400V;3P;63A;50HZ;MCCB+SHUNTTRIP","BH"
"3250314","MCB;230/400V;3P;16A;50HZ;MCCB+SHUNTTRIP","BH"
"3280459","CONN;1KV;CCO;AL;50-70/50-70;INSUL;PITA","BH"
"4120538","BOX;APP PL CB;AL1.6MM;650X400X220MM","SET"
"NN0000008","FUSE BASE 400","BH"
"NN0000015","NH FUSE 160A","BH"
"NN0000071","IJUK PENGHALANG PANJAT 1M","BH"
